Shape,AMI (FLOPS/Byte),P100 - FLOPS,V100 - FLOPS,A100 - FLOPS,P100 - % of Peak,V100 - % of Peak,A100 - % of Peak,V100 / P100,A100 / V100,Util Decreases?,V-P,V-A,P100 R^2,V100 R^2,A100 R^2
Matmul(M=1 N=1 K=1536 layout='NT'),0.50,2.60E+08,1.51E+08,2.41E+08,0.00%,0.00%,0.00%,0.58,1.59,TRUE,0.00%,0.00%,0.607,0.596,0.585
Matmul(M=64 N=1 K=1536 layout='NT'),0.98,1.94E+10,9.98E+09,1.50E+10,0.09%,0.01%,0.00%,0.51,1.50,TRUE,0.08%,0.00%,0.607,0.596,0.585
Matmul(M=1 N=80 K=1536 layout='NT'),0.99,2.47E+10,1.24E+10,1.89E+10,0.12%,0.01%,0.01%,0.50,1.52,TRUE,0.11%,0.00%,0.607,0.595,0.584
Matmul(M=106 N=1 K=128 layout='NT'),0.99,2.69E+09,1.67E+09,2.08E+09,0.01%,0.00%,0.00%,0.62,1.24,TRUE,0.01%,0.00%,0.607,0.595,0.584
Matmul(M=1 N=128 K=1024 layout='NT'),0.99,2.57E+10,1.27E+10,2.68E+10,0.12%,0.01%,0.01%,0.50,2.11,TRUE,0.11%,0.00%,0.606,0.594,0.584
BatchMatmul(L=1 M=1 N=512 K=106 layout='NN'),1.00,1.11E+10,3.30E+09,1.17E+10,0.05%,0.00%,0.00%,0.30,3.53,FALSE,0.05%,0.00%,0.606,0.594,0.583
BatchMatmul(L=64 M=1 N=512 K=106 layout='NN'),1.00,2.22E+11,4.29E+11,7.32E+11,1.05%,0.34%,0.23%,1.93,1.71,TRUE,0.71%,0.11%,0.606,0.594,0.583
Matmul(M=1 N=1000 K=1024 layout='NT'),1.00,2.05E+11,1.04E+11,2.02E+11,0.97%,0.08%,0.06%,0.51,1.94,TRUE,0.88%,0.02%,0.606,0.593,0.582
Matmul(M=1024 N=1 K=256 layout='NT'),1.00,4.94E+10,3.23E+10,5.22E+10,0.23%,0.03%,0.02%,0.65,1.61,TRUE,0.21%,0.01%,0.605,0.593,0.582
Matmul(M=6784 N=1 K=128 layout='NT'),1.00,1.72E+11,1.06E+11,1.79E+11,0.81%,0.09%,0.06%,0.62,1.68,TRUE,0.73%,0.03%,0.605,0.592,0.581
Matmul(M=2 N=7 K=2 layout='NT'),1.56,5.37E+06,3.39E+06,5.15E+06,0.00%,0.00%,0.00%,0.63,1.52,TRUE,0.00%,0.00%,0.605,0.592,0.581
Matmul(M=2 N=8 K=4 layout='NT'),1.60,1.23E+07,6.16E+06,9.38E+06,0.00%,0.00%,0.00%,0.50,1.52,TRUE,0.00%,0.00%,0.605,0.591,0.580
Matmul(M=2 N=8 K=54 layout='NT'),1.60,1.64E+08,8.31E+07,1.24E+08,0.00%,0.00%,0.00%,0.51,1.49,TRUE,0.00%,0.00%,0.604,0.591,0.580
Matmul(M=2 N=54 K=2 layout='NT'),1.93,4.12E+07,2.61E+07,3.06E+07,0.00%,0.00%,0.00%,0.63,1.17,TRUE,0.00%,0.00%,0.604,0.590,0.580
Matmul(M=5000 N=2 K=20 layout='NN'),2.00,2.84E+10,2.34E+10,3.91E+10,0.13%,0.02%,0.01%,0.83,1.67,TRUE,0.12%,0.01%,0.604,0.590,0.579
Conv2D(B=1 C=256 K=3 H=12 W=20 P=12 Q=20 R=1 S=1 stride=1),2.96,9.70E+09,5.84E+09,9.05E+09,0.05%,0.00%,0.00%,0.60,1.55,TRUE,0.04%,0.00%,0.604,0.589,0.579
Conv2D(B=2 C=256 K=3 H=12 W=20 P=12 Q=20 R=1 S=1 stride=1),2.98,1.95E+10,1.06E+10,1.78E+10,0.09%,0.01%,0.01%,0.54,1.68,TRUE,0.08%,0.00%,0.604,0.589,0.578
Conv2D(B=1 C=256 K=3 H=23 W=40 P=23 Q=40 R=1 S=1 stride=1),2.99,3.69E+10,2.22E+10,3.51E+10,0.17%,0.02%,0.01%,0.60,1.58,TRUE,0.16%,0.01%,0.603,0.589,0.578
Matmul(M=1024 N=3 K=128 layout='NT'),2.99,4.51E+10,4.56E+10,7.36E+10,0.21%,0.04%,0.02%,1.01,1.62,TRUE,0.18%,0.01%,0.603,0.588,0.577
Conv2D(B=2 C=256 K=3 H=23 W=40 P=23 Q=40 R=1 S=1 stride=1),3.00,7.48E+10,3.95E+10,6.51E+10,0.35%,0.03%,0.02%,0.53,1.65,TRUE,0.32%,0.01%,0.603,0.588,0.577
Conv2D(B=1 C=256 K=3 H=46 W=80 P=46 Q=80 R=1 S=1 stride=1),3.00,1.26E+11,7.53E+10,1.14E+11,0.60%,0.06%,0.04%,0.60,1.52,TRUE,0.54%,0.02%,0.603,0.587,0.576
Matmul(M=5000 N=3 K=20 layout='NT'),3.00,4.22E+10,3.55E+10,5.59E+10,0.20%,0.03%,0.02%,0.84,1.58,TRUE,0.17%,0.01%,0.603,0.587,0.576
Conv2D(B=2 C=256 K=3 H=46 W=80 P=46 Q=80 R=1 S=1 stride=1),3.00,2.44E+11,1.46E+11,2.82E+11,1.15%,0.12%,0.09%,0.60,1.93,TRUE,1.03%,0.03%,0.602,0.586,0.575
Conv2D(B=1 C=256 K=3 H=92 W=160 P=92 Q=160 R=1 S=1 stride=1),3.00,3.12E+11,3.08E+11,4.84E+11,1.47%,0.25%,0.16%,0.99,1.57,TRUE,1.23%,0.09%,0.602,0.586,0.575
Conv2D(B=2 C=256 K=3 H=92 W=160 P=92 Q=160 R=1 S=1 stride=1),3.00,4.23E+11,5.52E+11,8.03E+11,2.00%,0.44%,0.26%,1.30,1.46,TRUE,1.56%,0.18%,0.602,0.585,0.574
Conv2D(B=1 C=256 K=3 H=184 W=320 P=184 Q=320 R=1 S=1 stride=1),3.00,4.97E+11,1.25E+12,1.88E+12,2.34%,1.00%,0.60%,2.51,1.50,TRUE,1.34%,0.40%,0.601,0.585,0.574
Conv2D(B=2 C=256 K=3 H=184 W=320 P=184 Q=320 R=1 S=1 stride=1),3.00,5.53E+11,1.66E+12,2.62E+12,2.61%,1.33%,0.84%,3.00,1.58,TRUE,1.28%,0.49%,0.601,0.584,0.573
Matmul(M=961 N=4 K=512 layout='NT'),3.98,2.77E+11,2.23E+11,3.67E+11,1.31%,0.18%,0.12%,0.80,1.65,TRUE,1.13%,0.06%,0.601,0.584,0.573
Matmul(M=5 N=256 K=1024 layout='NT'),4.90,1.53E+11,1.61E+11,2.60E+11,0.72%,0.13%,0.08%,1.06,1.61,TRUE,0.59%,0.05%,0.600,0.583,0.572
Matmul(M=5 N=1024 K=12544 layout='NT'),4.98,3.73E+11,2.33E+12,6.82E+12,1.76%,1.86%,2.19%,6.24,2.93,FALSE,-0.10%,-0.32%,0.600,0.583,0.572
Matmul(M=128 N=7 K=2 layout='NT'),6.64,2.54E+08,2.06E+08,3.21E+08,0.00%,0.00%,0.00%,0.81,1.56,TRUE,0.00%,0.00%,0.600,0.582,0.571
Matmul(M=128 N=8 K=4 layout='NT'),7.53,5.81E+08,4.96E+08,7.89E+08,0.00%,0.00%,0.00%,0.85,1.59,TRUE,0.00%,0.00%,0.600,0.582,0.571
Matmul(M=128 N=8 K=54 layout='NT'),7.53,7.75E+09,6.35E+09,1.07E+10,0.04%,0.01%,0.00%,0.82,1.68,TRUE,0.03%,0.00%,0.599,0.581,0.570
Matmul(M=961 N=8 K=512 layout='NT'),7.93,5.50E+11,3.52E+11,3.82E+11,2.59%,0.28%,0.12%,0.64,1.09,TRUE,2.31%,0.16%,0.599,0.581,0.570
Matmul(M=512 N=9 K=1024 layout='NT'),8.84,3.68E+11,2.61E+11,4.81E+11,1.74%,0.21%,0.15%,0.71,1.84,TRUE,1.53%,0.05%,0.599,0.580,0.569
Matmul(M=1024 N=9 K=1024 layout='NT'),8.92,7.33E+11,7.22E+11,9.59E+11,3.46%,0.58%,0.31%,0.99,1.33,TRUE,2.88%,0.27%,0.599,0.580,0.569
Matmul(M=10 N=256 K=1024 layout='NT'),9.62,3.05E+11,2.03E+11,3.09E+11,1.44%,0.16%,0.10%,0.67,1.52,TRUE,1.28%,0.06%,0.598,0.579,0.568
Matmul(M=10 N=1024 K=12544 layout='NT'),9.90,7.29E+11,4.62E+12,1.29E+13,3.44%,3.70%,4.13%,6.34,2.78,FALSE,-0.26%,-0.43%,0.598,0.578,0.568
Conv2D(B=1 C=256 K=12 H=12 W=20 P=12 Q=20 R=1 S=1 stride=1),11.43,3.90E+10,2.32E+10,3.62E+10,0.18%,0.02%,0.01%,0.59,1.56,TRUE,0.17%,0.01%,0.597,0.578,0.567
Conv2D(B=2 C=256 K=12 H=12 W=20 P=12 Q=20 R=1 S=1 stride=1),11.71,7.82E+10,4.22E+10,7.32E+10,0.37%,0.03%,0.02%,0.54,1.73,TRUE,0.34%,0.01%,0.597,0.577,0.567
Conv2D(B=1 C=256 K=12 H=23 W=40 P=23 Q=40 R=1 S=1 stride=1),11.85,1.50E+11,7.61E+10,1.12E+11,0.71%,0.06%,0.04%,0.51,1.48,TRUE,0.65%,0.02%,0.597,0.577,0.566
Conv2D(B=2 C=256 K=12 H=23 W=40 P=23 Q=40 R=1 S=1 stride=1),11.92,2.97E+11,1.59E+11,1.84E+11,1.40%,0.13%,0.06%,0.54,1.15,TRUE,1.27%,0.07%,0.597,0.576,0.566
Conv2D(B=1 C=256 K=12 H=46 W=80 P=46 Q=80 R=1 S=1 stride=1),11.96,5.06E+11,3.00E+11,4.58E+11,2.39%,0.24%,0.15%,0.59,1.53,TRUE,2.15%,0.09%,0.597,0.576,0.565
Conv2D(B=2 C=256 K=12 H=46 W=80 P=46 Q=80 R=1 S=1 stride=1),11.98,8.65E+11,6.41E+11,1.11E+12,4.08%,0.51%,0.36%,0.74,1.73,TRUE,3.57%,0.16%,0.596,0.575,0.565
Conv2D(B=1 C=256 K=12 H=92 W=160 P=92 Q=160 R=1 S=1 stride=1),11.99,1.22E+12,9.26E+11,2.02E+12,5.75%,0.74%,0.65%,0.76,2.18,TRUE,5.01%,0.09%,0.596,0.575,0.564
Conv2D(B=2 C=256 K=12 H=92 W=160 P=92 Q=160 R=1 S=1 stride=1),12.00,1.62E+12,2.19E+12,3.12E+12,7.64%,1.75%,1.00%,1.35,1.43,TRUE,5.89%,0.75%,0.595,0.574,0.564
Conv2D(B=1 C=256 K=12 H=184 W=320 P=184 Q=320 R=1 S=1 stride=1),12.00,1.90E+12,4.57E+12,7.48E+12,8.96%,3.66%,2.40%,2.41,1.64,TRUE,5.30%,1.26%,0.595,0.574,0.563
Conv2D(B=2 C=256 K=12 H=184 W=320 P=184 Q=320 R=1 S=1 stride=1),12.00,2.08E+12,3.69E+12,3.92E+12,9.82%,2.95%,1.26%,1.77,1.06,TRUE,6.87%,1.69%,0.594,0.573,0.563
Matmul(M=961 N=16 K=512 layout='NT'),15.74,1.06E+12,7.47E+11,1.51E+12,5.00%,0.60%,0.48%,0.70,2.02,TRUE,4.40%,0.11%,0.594,0.572,0.562
Matmul(M=20 N=256 K=1024 layout='NT'),18.55,3.80E+11,2.63E+11,6.36E+11,1.79%,0.21%,0.20%,0.69,2.42,TRUE,1.58%,0.01%,0.593,0.572,0.561
Matmul(M=20 N=1024 K=12544 layout='NT'),19.62,1.29E+12,5.98E+12,2.54E+13,6.11%,4.78%,8.15%,4.62,4.25,FALSE,1.32%,-3.37%,0.593,0.571,0.561
Matmul(M=5000 N=20 K=2 layout='NT'),19.92,2.83E+10,2.31E+10,3.91E+10,0.13%,0.02%,0.01%,0.82,1.69,TRUE,0.11%,0.01%,0.592,0.571,0.561
Matmul(M=5000 N=20 K=3 layout='NN'),19.92,4.27E+10,3.64E+10,5.67E+10,0.20%,0.03%,0.02%,0.85,1.56,TRUE,0.17%,0.01%,0.592,0.570,0.560
Matmul(M=5000 N=20 K=20 layout='NT'),19.92,2.84E+11,2.30E+11,3.90E+11,1.34%,0.18%,0.12%,0.81,1.69,TRUE,1.15%,0.06%,0.592,0.570,0.560
Matmul(M=5000 N=20 K=20 layout='NN'),19.92,2.84E+11,2.34E+11,3.88E+11,1.34%,0.19%,0.12%,0.82,1.66,TRUE,1.15%,0.06%,0.592,0.569,0.559
Matmul(M=225 N=32 K=512 layout='NT'),28.02,4.79E+11,3.22E+11,7.08E+11,2.26%,0.26%,0.23%,0.67,2.19,TRUE,2.00%,0.03%,0.592,0.568,0.559
Matmul(M=512 N=32 K=1024 layout='NT'),30.12,1.21E+12,1.37E+12,1.67E+12,5.72%,1.10%,0.53%,1.13,1.22,TRUE,4.62%,0.56%,0.592,0.568,0.558
Matmul(M=32 N=1000 K=1024 layout='NT'),31.01,2.35E+12,2.80E+12,4.86E+12,11.08%,2.24%,1.56%,1.19,1.74,TRUE,8.84%,0.68%,0.591,0.567,0.557
Matmul(M=1024 N=32 K=1024 layout='NT'),31.03,2.42E+12,2.43E+12,4.43E+12,11.41%,1.94%,1.42%,1.00,1.82,TRUE,9.46%,0.52%,0.591,0.567,0.557
Conv2D(B=1 C=256 K=256 H=6 W=6 P=6 Q=6 R=1 S=1 stride=1),31.56,1.25E+11,6.10E+10,9.82E+10,0.59%,0.05%,0.03%,0.49,1.61,TRUE,0.54%,0.02%,0.590,0.566,0.556
Conv2D(B=1 C=32 K=32 H=1 W=62863 P=1 Q=62863 R=1 S=1 stride=1),31.98,1.65E+12,1.78E+12,2.58E+12,7.79%,1.43%,0.83%,1.08,1.45,TRUE,6.36%,0.60%,0.590,0.566,0.556
Conv2D(B=1 C=32 K=32 H=1 W=63119 P=1 Q=63119 R=1 S=1 stride=1),31.98,1.65E+12,1.80E+12,2.69E+12,7.77%,1.44%,0.86%,1.09,1.50,TRUE,6.33%,0.57%,0.589,0.565,0.555
Conv2D(B=1 C=32 K=32 H=1 W=63247 P=1 Q=63247 R=1 S=1 stride=1),31.98,1.65E+12,1.74E+12,2.71E+12,7.78%,1.39%,0.87%,1.06,1.55,TRUE,6.39%,0.53%,0.589,0.564,0.554
Conv2D(B=1 C=32 K=32 H=1 W=63311 P=1 Q=63311 R=1 S=1 stride=1),31.98,1.65E+12,1.82E+12,2.71E+12,7.77%,1.46%,0.87%,1.11,1.48,TRUE,6.31%,0.59%,0.588,0.564,0.554
Conv2D(B=1 C=32 K=32 H=1 W=63343 P=1 Q=63343 R=1 S=1 stride=1),31.98,1.65E+12,1.81E+12,2.73E+12,7.77%,1.45%,0.87%,1.10,1.50,TRUE,6.32%,0.58%,0.588,0.563,0.553
Conv2D(B=1 C=32 K=32 H=1 W=63359 P=1 Q=63359 R=1 S=1 stride=1),31.98,1.65E+12,1.54E+12,2.73E+12,7.77%,1.23%,0.88%,0.93,1.78,TRUE,6.54%,0.36%,0.587,0.563,0.553
Conv2D(B=1 C=32 K=32 H=1 W=63367 P=1 Q=63367 R=1 S=1 stride=1),31.98,1.64E+12,1.77E+12,2.73E+12,7.76%,1.42%,0.87%,1.08,1.54,TRUE,6.34%,0.54%,0.587,0.562,0.552
Conv2D(B=1 C=32 K=32 H=1 W=63371 P=1 Q=63371 R=1 S=1 stride=1),31.98,1.65E+12,1.83E+12,2.72E+12,7.76%,1.46%,0.87%,1.11,1.49,TRUE,6.30%,0.59%,0.586,0.561,0.551
Conv2D(B=1 C=32 K=32 H=1 W=63373 P=1 Q=63373 R=1 S=1 stride=1),31.98,1.64E+12,1.75E+12,2.72E+12,7.75%,1.40%,0.87%,1.06,1.55,TRUE,6.35%,0.53%,0.585,0.561,0.551
Conv2D(B=1 C=32 K=32 H=1 W=63374 P=1 Q=63374 R=1 S=1 stride=1),31.98,1.64E+12,1.78E+12,2.76E+12,7.75%,1.42%,0.88%,1.08,1.55,TRUE,6.33%,0.54%,0.585,0.560,0.550
Conv2D(B=1 C=32 K=32 H=1 W=63886 P=1 Q=63886 R=1 S=1 stride=1),31.98,1.64E+12,1.78E+12,2.74E+12,7.74%,1.42%,0.88%,1.08,1.54,TRUE,6.32%,0.54%,0.584,0.559,0.549
Conv2D(B=1 C=32 K=32 H=1 W=64142 P=1 Q=64142 R=1 S=1 stride=1),31.98,1.64E+12,1.81E+12,2.78E+12,7.72%,1.45%,0.89%,1.11,1.54,TRUE,6.27%,0.56%,0.584,0.559,0.549
Conv2D(B=1 C=32 K=32 H=1 W=64270 P=1 Q=64270 R=1 S=1 stride=1),31.98,1.64E+12,1.73E+12,2.75E+12,7.75%,1.39%,0.88%,1.06,1.59,TRUE,6.36%,0.50%,0.583,0.558,0.548
Conv2D(B=1 C=32 K=32 H=1 W=64334 P=1 Q=64334 R=1 S=1 stride=1),31.98,1.64E+12,1.46E+12,2.86E+12,7.75%,1.17%,0.92%,0.89,1.96,TRUE,6.58%,0.25%,0.582,0.557,0.547
Conv2D(B=1 C=32 K=32 H=1 W=64366 P=1 Q=64366 R=1 S=1 stride=1),31.98,1.64E+12,1.74E+12,2.83E+12,7.75%,1.39%,0.91%,1.06,1.62,TRUE,6.35%,0.49%,0.582,0.557,0.547
Conv2D(B=1 C=32 K=32 H=1 W=64382 P=1 Q=64382 R=1 S=1 stride=1),31.98,1.64E+12,1.80E+12,2.80E+12,7.74%,1.44%,0.90%,1.09,1.56,TRUE,6.31%,0.54%,0.581,0.556,0.546
Conv2D(B=1 C=32 K=32 H=1 W=64390 P=1 Q=64390 R=1 S=1 stride=1),31.98,1.64E+12,1.21E+12,2.82E+12,7.75%,0.97%,0.90%,0.74,2.33,TRUE,6.78%,0.06%,0.580,0.555,0.545
Conv2D(B=1 C=32 K=32 H=1 W=64394 P=1 Q=64394 R=1 S=1 stride=1),31.98,1.64E+12,1.58E+12,2.80E+12,7.74%,1.26%,0.90%,0.96,1.77,TRUE,6.48%,0.37%,0.580,0.555,0.545
Conv2D(B=1 C=32 K=32 H=1 W=64396 P=1 Q=64396 R=1 S=1 stride=1),31.98,1.64E+12,1.76E+12,2.82E+12,7.74%,1.41%,0.90%,1.07,1.60,TRUE,6.34%,0.50%,0.579,0.554,0.544
Conv2D(B=1 C=32 K=32 H=1 W=64397 P=1 Q=64397 R=1 S=1 stride=1),31.98,1.64E+12,1.81E+12,2.73E+12,7.74%,1.45%,0.88%,1.11,1.51,TRUE,6.29%,0.58%,0.578,0.553,0.543
Conv2D(B=1 C=32 K=32 H=1 W=64909 P=1 Q=64909 R=1 S=1 stride=1),31.98,1.64E+12,1.81E+12,2.77E+12,7.76%,1.45%,0.89%,1.10,1.53,TRUE,6.31%,0.56%,0.578,0.552,0.542
Conv2D(B=1 C=32 K=32 H=1 W=65165 P=1 Q=65165 R=1 S=1 stride=1),31.98,1.65E+12,1.82E+12,2.78E+12,7.77%,1.45%,0.89%,1.10,1.53,TRUE,6.31%,0.56%,0.577,0.552,0.542
Conv2D(B=1 C=32 K=32 H=1 W=65293 P=1 Q=65293 R=1 S=1 stride=1),31.98,1.65E+12,1.88E+12,2.79E+12,7.79%,1.51%,0.90%,1.14,1.48,TRUE,6.28%,0.61%,0.576,0.551,0.541
Conv2D(B=1 C=32 K=32 H=1 W=65357 P=1 Q=65357 R=1 S=1 stride=1),31.98,1.65E+12,1.88E+12,2.78E+12,7.79%,1.50%,0.89%,1.14,1.48,TRUE,6.29%,0.61%,0.575,0.550,0.540
Conv2D(B=1 C=32 K=32 H=1 W=65389 P=1 Q=65389 R=1 S=1 stride=1),31.98,1.65E+12,1.81E+12,2.78E+12,7.78%,1.45%,0.89%,1.10,1.53,TRUE,6.33%,0.56%,0.575,0.549,0.539
Conv2D(B=1 C=32 K=32 H=1 W=65405 P=1 Q=65405 R=1 S=1 stride=1),31.98,1.65E+12,1.88E+12,2.79E+12,7.80%,1.50%,0.89%,1.14,1.49,TRUE,6.29%,0.61%,0.574,0.549,0.539
Conv2D(B=1 C=32 K=32 H=1 W=65413 P=1 Q=65413 R=1 S=1 stride=1),31.98,1.65E+12,1.85E+12,2.80E+12,7.79%,1.48%,0.90%,1.12,1.52,TRUE,6.31%,0.58%,0.573,0.548,0.538
Conv2D(B=1 C=32 K=32 H=1 W=65417 P=1 Q=65417 R=1 S=1 stride=1),31.98,1.65E+12,1.85E+12,2.79E+12,7.79%,1.48%,0.89%,1.12,1.51,TRUE,6.31%,0.58%,0.573,0.547,0.537
Conv2D(B=1 C=32 K=32 H=1 W=65419 P=1 Q=65419 R=1 S=1 stride=1),31.98,1.65E+12,1.87E+12,2.80E+12,7.79%,1.49%,0.90%,1.13,1.50,TRUE,6.29%,0.60%,0.572,0.546,0.536
Conv2D(B=1 C=32 K=32 H=1 W=65420 P=1 Q=65420 R=1 S=1 stride=1),31.98,1.65E+12,1.80E+12,2.88E+12,7.79%,1.44%,0.92%,1.09,1.60,TRUE,6.35%,0.51%,0.571,0.545,0.536
Conv2D(B=1 C=32 K=32 H=1 W=65932 P=1 Q=65932 R=1 S=1 stride=1),31.98,1.66E+12,1.78E+12,2.92E+12,7.83%,1.43%,0.94%,1.07,1.64,TRUE,6.40%,0.49%,0.570,0.544,0.535
Conv2D(B=1 C=32 K=32 H=1 W=66188 P=1 Q=66188 R=1 S=1 stride=1),31.98,1.66E+12,1.81E+12,2.91E+12,7.84%,1.44%,0.93%,1.09,1.61,TRUE,6.39%,0.51%,0.569,0.544,0.534
Conv2D(B=1 C=32 K=32 H=1 W=66316 P=1 Q=66316 R=1 S=1 stride=1),31.98,1.66E+12,1.63E+12,2.90E+12,7.84%,1.31%,0.93%,0.98,1.78,TRUE,6.54%,0.38%,0.569,0.543,0.533
Conv2D(B=1 C=32 K=32 H=1 W=66380 P=1 Q=66380 R=1 S=1 stride=1),31.98,1.66E+12,1.80E+12,2.97E+12,7.85%,1.44%,0.95%,1.08,1.64,TRUE,6.41%,0.49%,0.568,0.542,0.532
Conv2D(B=1 C=32 K=32 H=1 W=66412 P=1 Q=66412 R=1 S=1 stride=1),31.98,1.66E+12,1.82E+12,2.96E+12,7.85%,1.45%,0.95%,1.09,1.63,TRUE,6.40%,0.50%,0.567,0.541,0.531
Conv2D(B=1 C=32 K=32 H=1 W=66428 P=1 Q=66428 R=1 S=1 stride=1),31.98,1.66E+12,1.84E+12,2.90E+12,7.85%,1.47%,0.93%,1.11,1.58,TRUE,6.38%,0.54%,0.566,0.540,0.530
Conv2D(B=1 C=32 K=32 H=1 W=66436 P=1 Q=66436 R=1 S=1 stride=1),31.98,1.66E+12,1.54E+12,2.92E+12,7.85%,1.23%,0.94%,0.93,1.89,TRUE,6.62%,0.30%,0.565,0.539,0.530
Conv2D(B=1 C=32 K=32 H=1 W=66440 P=1 Q=66440 R=1 S=1 stride=1),31.98,1.66E+12,1.53E+12,2.93E+12,7.85%,1.22%,0.94%,0.92,1.91,TRUE,6.63%,0.29%,0.564,0.538,0.529
Conv2D(B=1 C=32 K=32 H=1 W=66442 P=1 Q=66442 R=1 S=1 stride=1),31.98,1.66E+12,1.76E+12,2.90E+12,7.85%,1.41%,0.93%,1.06,1.65,TRUE,6.45%,0.48%,0.564,0.537,0.528
Conv2D(B=1 C=32 K=32 H=1 W=66443 P=1 Q=66443 R=1 S=1 stride=1),31.98,1.66E+12,1.80E+12,2.85E+12,7.85%,1.44%,0.91%,1.08,1.59,TRUE,6.41%,0.52%,0.563,0.537,0.527
Conv2D(B=1 C=32 K=32 H=1 W=66955 P=1 Q=66955 R=1 S=1 stride=1),31.98,1.67E+12,1.82E+12,2.86E+12,7.87%,1.46%,0.92%,1.09,1.57,TRUE,6.41%,0.54%,0.562,0.536,0.526
Conv2D(B=1 C=32 K=32 H=1 W=67211 P=1 Q=67211 R=1 S=1 stride=1),31.98,1.67E+12,1.88E+12,2.89E+12,7.89%,1.51%,0.93%,1.13,1.53,TRUE,6.39%,0.58%,0.561,0.535,0.525
Conv2D(B=1 C=32 K=32 H=1 W=67339 P=1 Q=67339 R=1 S=1 stride=1),31.98,1.67E+12,1.87E+12,2.89E+12,7.90%,1.50%,0.92%,1.12,1.54,TRUE,6.40%,0.57%,0.560,0.534,0.524
Conv2D(B=1 C=32 K=32 H=1 W=67403 P=1 Q=67403 R=1 S=1 stride=1),31.98,1.67E+12,1.91E+12,2.84E+12,7.90%,1.53%,0.91%,1.14,1.48,TRUE,6.37%,0.62%,0.559,0.533,0.523
Conv2D(B=1 C=32 K=32 H=1 W=67435 P=1 Q=67435 R=1 S=1 stride=1),31.98,1.68E+12,1.92E+12,2.89E+12,7.91%,1.53%,0.93%,1.14,1.51,TRUE,6.38%,0.60%,0.558,0.532,0.522
Conv2D(B=1 C=32 K=32 H=1 W=67451 P=1 Q=67451 R=1 S=1 stride=1),31.98,1.68E+12,1.93E+12,2.89E+12,7.91%,1.54%,0.92%,1.15,1.50,TRUE,6.37%,0.62%,0.557,0.531,0.521
Conv2D(B=1 C=32 K=32 H=1 W=67459 P=1 Q=67459 R=1 S=1 stride=1),31.98,1.68E+12,1.78E+12,2.81E+12,7.91%,1.42%,0.90%,1.06,1.58,TRUE,6.48%,0.53%,0.556,0.530,0.520
Conv2D(B=1 C=32 K=32 H=1 W=67463 P=1 Q=67463 R=1 S=1 stride=1),31.98,1.68E+12,1.53E+12,2.89E+12,7.91%,1.22%,0.93%,0.91,1.89,TRUE,6.68%,0.30%,0.555,0.529,0.519
Conv2D(B=1 C=32 K=32 H=1 W=67465 P=1 Q=67465 R=1 S=1 stride=1),31.98,1.68E+12,1.55E+12,2.86E+12,7.91%,1.24%,0.92%,0.93,1.84,TRUE,6.67%,0.32%,0.554,0.528,0.518
Matmul(M=40 N=256 K=1024 layout='NT'),34.59,7.59E+11,7.74E+11,1.24E+12,3.58%,0.62%,0.40%,1.02,1.60,TRUE,2.96%,0.22%,0.553,0.526,0.517
Conv2D(B=1 C=257 K=256 H=6 W=6 P=6 Q=6 R=3 S=3 stride=1),35.45,1.47E+11,5.07E+11,6.94E+11,0.69%,0.41%,0.22%,3.44,1.37,TRUE,0.29%,0.18%,0.553,0.525,0.516
Conv2D(B=1 C=256 K=256 H=6 W=6 P=6 Q=6 R=3 S=3 stride=1),35.45,3.47E+11,5.33E+11,7.87E+11,1.63%,0.43%,0.25%,1.54,1.48,TRUE,1.21%,0.17%,0.552,0.524,0.515
Matmul(M=64 N=80 K=1536 layout='NT'),35.56,3.94E+11,4.93E+11,9.48E+11,1.86%,0.39%,0.30%,1.25,1.92,TRUE,1.46%,0.09%,0.552,0.523,0.514
Matmul(M=128 N=54 K=2 layout='NT'),37.98,1.93E+09,1.61E+09,2.66E+09,0.01%,0.00%,0.00%,0.83,1.65,TRUE,0.01%,0.00%,0.551,0.522,0.513
Matmul(M=40 N=1024 K=12544 layout='NT'),38.50,2.33E+12,1.13E+13,5.05E+13,11.00%,9.02%,16.18%,4.83,4.48,FALSE,1.99%,-7.16%,0.551,0.521,0.511
Matmul(M=64 N=128 K=1024 layout='NT'),42.67,6.08E+11,6.07E+11,1.03E+12,2.87%,0.49%,0.33%,1.00,1.69,TRUE,2.38%,0.16%,0.550,0.520,0.513
Matmul(M=106 N=128 K=32 layout='NT'),57.98,5.79E+10,5.01E+10,8.09E+10,0.27%,0.04%,0.03%,0.87,1.61,TRUE,0.23%,0.01%,0.549,0.519,0.512
Matmul(M=106 N=128 K=512 layout='NT'),57.98,9.02E+11,6.14E+11,1.32E+12,4.25%,0.49%,0.42%,0.68,2.15,TRUE,3.76%,0.07%,0.549,0.518,0.511
Matmul(M=64 N=1024 K=1024 layout='NT'),60.24,3.23E+12,5.80E+12,9.75E+12,15.25%,4.64%,3.13%,1.79,1.68,TRUE,10.62%,1.51%,0.548,0.517,0.510
Matmul(M=64 N=1024 K=2048 layout='NT'),60.24,3.48E+12,9.02E+12,1.53E+13,16.41%,7.21%,4.89%,2.59,1.69,TRUE,9.20%,2.32%,0.548,0.516,0.509
Matmul(M=64 N=1024 K=4096 layout='NT'),60.24,3.65E+12,2.02E+13,2.61E+13,17.20%,16.18%,8.35%,5.54,1.29,TRUE,1.02%,7.82%,0.547,0.515,0.508
Matmul(M=64 N=4096 K=1024 layout='NT'),63.02,5.76E+12,1.85E+13,5.31E+13,27.19%,14.77%,17.01%,3.20,2.87,FALSE,12.42%,-2.23%,0.547,0.516,0.508
Conv2D(B=512 C=32 K=32 H=1 W=123 P=1 Q=122 R=1 S=2 stride=1),63.42,2.49E+12,3.54E+12,4.86E+12,11.75%,2.83%,1.56%,1.42,1.38,TRUE,8.92%,1.27%,0.549,0.516,0.509
Conv2D(B=512 C=32 K=32 H=1 W=125 P=1 Q=124 R=1 S=2 stride=1),63.42,2.41E+12,3.63E+12,4.87E+12,11.39%,2.90%,1.56%,1.50,1.34,TRUE,8.49%,1.34%,0.548,0.514,0.508
Conv2D(B=512 C=32 K=32 H=1 W=127 P=1 Q=126 R=1 S=2 stride=1),63.43,2.39E+12,3.65E+12,4.97E+12,11.28%,2.92%,1.59%,1.53,1.36,TRUE,8.36%,1.33%,0.547,0.513,0.507
Conv2D(B=512 C=32 K=32 H=1 W=129 P=1 Q=128 R=1 S=2 stride=1),63.44,2.40E+12,3.66E+12,5.08E+12,11.34%,2.93%,1.63%,1.52,1.39,TRUE,8.41%,1.30%,0.546,0.512,0.506
Conv2D(B=512 C=32 K=32 H=1 W=131 P=1 Q=130 R=1 S=2 stride=1),63.45,2.42E+12,3.70E+12,5.20E+12,11.40%,2.96%,1.67%,1.53,1.41,TRUE,8.44%,1.29%,0.545,0.511,0.505
Matmul(M=8192 N=64 K=512 layout='NT'),63.50,5.81E+12,2.25E+13,3.94E+13,27.39%,17.98%,12.63%,3.87,1.75,TRUE,9.41%,5.36%,0.543,0.510,0.504
Conv2D(B=256 C=32 K=32 H=1 W=247 P=1 Q=246 R=1 S=2 stride=1),63.68,2.43E+12,3.59E+12,4.90E+12,11.45%,2.87%,1.57%,1.48,1.37,TRUE,8.58%,1.30%,0.546,0.511,0.504
Conv2D(B=256 C=32 K=32 H=1 W=251 P=1 Q=250 R=1 S=2 stride=1),63.68,2.40E+12,3.62E+12,4.98E+12,11.31%,2.90%,1.59%,1.51,1.37,TRUE,8.42%,1.30%,0.544,0.509,0.503
Conv2D(B=256 C=32 K=32 H=1 W=255 P=1 Q=254 R=1 S=2 stride=1),63.69,2.39E+12,3.60E+12,4.82E+12,11.29%,2.88%,1.55%,1.50,1.34,TRUE,8.41%,1.33%,0.543,0.508,0.502
Conv2D(B=256 C=32 K=32 H=1 W=259 P=1 Q=258 R=1 S=2 stride=1),63.69,2.40E+12,3.73E+12,5.10E+12,11.34%,2.99%,1.64%,1.55,1.37,TRUE,8.35%,1.35%,0.542,0.507,0.501
Conv2D(B=256 C=32 K=32 H=1 W=263 P=1 Q=262 R=1 S=2 stride=1),63.70,2.42E+12,3.56E+12,5.18E+12,11.42%,2.85%,1.66%,1.47,1.45,TRUE,8.57%,1.19%,0.541,0.506,0.499
Conv2D(B=128 C=32 K=32 H=1 W=495 P=1 Q=494 R=1 S=2 stride=1),63.81,2.43E+12,3.61E+12,4.88E+12,11.44%,2.89%,1.57%,1.49,1.35,TRUE,8.55%,1.32%,0.540,0.504,0.498
Conv2D(B=128 C=32 K=32 H=1 W=503 P=1 Q=502 R=1 S=2 stride=1),63.81,2.41E+12,3.65E+12,4.92E+12,11.38%,2.92%,1.58%,1.51,1.35,TRUE,8.46%,1.34%,0.539,0.503,0.497
Conv2D(B=128 C=32 K=32 H=1 W=511 P=1 Q=510 R=1 S=2 stride=1),63.81,2.40E+12,3.65E+12,5.08E+12,11.31%,2.92%,1.63%,1.52,1.39,TRUE,8.39%,1.30%,0.537,0.502,0.496
Conv2D(B=128 C=32 K=32 H=1 W=519 P=1 Q=518 R=1 S=2 stride=1),63.82,2.41E+12,3.72E+12,5.16E+12,11.37%,2.98%,1.65%,1.54,1.39,TRUE,8.39%,1.32%,0.536,0.500,0.494
Conv2D(B=128 C=32 K=32 H=1 W=527 P=1 Q=526 R=1 S=2 stride=1),63.82,2.43E+12,3.76E+12,5.19E+12,11.45%,3.01%,1.66%,1.55,1.38,TRUE,8.45%,1.34%,0.535,0.499,0.493
Conv2D(B=64 C=32 K=32 H=1 W=990 P=1 Q=989 R=1 S=2 stride=1),63.87,2.42E+12,3.58E+12,4.90E+12,11.41%,2.87%,1.57%,1.48,1.37,TRUE,8.54%,1.30%,0.534,0.498,0.492
Conv2D(B=64 C=32 K=32 H=1 W=1006 P=1 Q=1005 R=1 S=2 stride=1),63.87,2.39E+12,3.61E+12,4.99E+12,11.28%,2.89%,1.60%,1.51,1.38,TRUE,8.39%,1.29%,0.532,0.496,0.490
Conv2D(B=64 C=32 K=32 H=1 W=1022 P=1 Q=1021 R=1 S=2 stride=1),63.87,2.40E+12,3.69E+12,5.10E+12,11.30%,2.95%,1.63%,1.54,1.38,TRUE,8.35%,1.32%,0.531,0.495,0.489
Conv2D(B=64 C=32 K=32 H=1 W=1038 P=1 Q=1037 R=1 S=2 stride=1),63.88,2.41E+12,3.74E+12,5.04E+12,11.37%,2.99%,1.61%,1.55,1.35,TRUE,8.38%,1.37%,0.530,0.493,0.487
Conv2D(B=64 C=32 K=32 H=1 W=1054 P=1 Q=1053 R=1 S=2 stride=1),63.88,2.43E+12,3.82E+12,5.17E+12,11.47%,3.06%,1.66%,1.57,1.35,TRUE,8.41%,1.40%,0.528,0.492,0.486
Conv2D(B=32 C=32 K=32 H=1 W=1980 P=1 Q=1979 R=1 S=2 stride=1),63.90,2.42E+12,3.60E+12,4.93E+12,11.41%,2.88%,1.58%,1.49,1.37,TRUE,8.54%,1.30%,0.527,0.490,0.484
Conv2D(B=32 C=32 K=32 H=1 W=2012 P=1 Q=2011 R=1 S=2 stride=1),63.90,2.40E+12,3.43E+12,4.97E+12,11.33%,2.74%,1.59%,1.43,1.45,TRUE,8.58%,1.15%,0.526,0.489,0.483
Conv2D(B=32 C=32 K=32 H=1 W=2044 P=1 Q=2043 R=1 S=2 stride=1),63.91,2.40E+12,3.72E+12,5.10E+12,11.30%,2.98%,1.63%,1.55,1.37,TRUE,8.32%,1.34%,0.524,0.487,0.481
Conv2D(B=32 C=32 K=32 H=1 W=2076 P=1 Q=2075 R=1 S=2 stride=1),63.91,2.41E+12,3.76E+12,5.14E+12,11.37%,3.01%,1.65%,1.56,1.36,TRUE,8.36%,1.37%,0.523,0.486,0.480
Conv2D(B=32 C=32 K=32 H=1 W=2108 P=1 Q=2107 R=1 S=2 stride=1),63.91,2.43E+12,3.80E+12,5.21E+12,11.46%,3.04%,1.67%,1.56,1.37,TRUE,8.43%,1.37%,0.521,0.484,0.478
Conv2D(B=16 C=32 K=32 H=1 W=3960 P=1 Q=3959 R=1 S=2 stride=1),63.92,2.47E+12,3.61E+12,4.91E+12,11.67%,2.89%,1.57%,1.46,1.36,TRUE,8.78%,1.31%,0.520,0.482,0.477
Conv2D(B=16 C=32 K=32 H=1 W=4024 P=1 Q=4023 R=1 S=2 stride=1),63.92,2.46E+12,3.59E+12,4.99E+12,11.59%,2.87%,1.60%,1.46,1.39,TRUE,8.71%,1.28%,0.518,0.481,0.475
Conv2D(B=16 C=32 K=32 H=1 W=4088 P=1 Q=4087 R=1 S=2 stride=1),63.92,2.46E+12,3.69E+12,5.08E+12,11.62%,2.95%,1.63%,1.50,1.38,TRUE,8.67%,1.33%,0.517,0.479,0.473
Conv2D(B=16 C=32 K=32 H=1 W=4152 P=1 Q=4151 R=1 S=2 stride=1),63.92,2.48E+12,3.75E+12,5.15E+12,11.70%,3.00%,1.65%,1.51,1.37,TRUE,8.70%,1.35%,0.515,0.477,0.472
Conv2D(B=16 C=32 K=32 H=1 W=4216 P=1 Q=4215 R=1 S=2 stride=1),63.92,2.50E+12,3.85E+12,5.11E+12,11.80%,3.08%,1.64%,1.54,1.33,TRUE,8.72%,1.45%,0.514,0.475,0.470
Conv2D(B=8 C=32 K=32 H=1 W=7921 P=1 Q=7920 R=1 S=2 stride=1),63.93,2.47E+12,3.62E+12,4.89E+12,11.67%,2.89%,1.57%,1.46,1.35,TRUE,8.78%,1.33%,0.512,0.474,0.468
Conv2D(B=8 C=32 K=32 H=1 W=8049 P=1 Q=8048 R=1 S=2 stride=1),63.93,2.45E+12,3.65E+12,5.02E+12,11.57%,2.92%,1.61%,1.49,1.38,TRUE,8.65%,1.31%,0.510,0.472,0.466
Conv2D(B=8 C=32 K=32 H=1 W=8177 P=1 Q=8176 R=1 S=2 stride=1),63.93,2.47E+12,3.72E+12,5.09E+12,11.63%,2.98%,1.63%,1.51,1.37,TRUE,8.65%,1.35%,0.509,0.470,0.464
Conv2D(B=1 C=64 K=64 H=184 W=320 P=184 Q=320 R=1 S=1 stride=1),63.93,3.36E+12,6.30E+12,1.03E+13,15.84%,5.04%,3.31%,1.88,1.64,TRUE,10.79%,1.73%,0.507,0.468,0.463
Conv2D(B=1 C=256 K=64 H=184 W=320 P=184 Q=320 R=1 S=1 stride=1),63.93,5.82E+12,1.99E+13,3.58E+13,27.45%,15.92%,11.48%,3.42,1.80,TRUE,11.52%,4.44%,0.506,0.466,0.461
Conv2D(B=8 C=32 K=32 H=1 W=8305 P=1 Q=8304 R=1 S=2 stride=1),63.93,2.48E+12,3.73E+12,5.12E+12,11.71%,2.98%,1.64%,1.50,1.37,TRUE,8.73%,1.34%,0.507,0.466,0.460
Conv2D(B=4 C=32 K=32 H=1 W=15843 P=1 Q=15842 R=1 S=2 stride=1),63.93,2.47E+12,3.63E+12,4.93E+12,11.65%,2.90%,1.58%,1.47,1.36,TRUE,8.75%,1.32%,0.506,0.464,0.458
Conv2D(B=8 C=32 K=32 H=1 W=8433 P=1 Q=8432 R=1 S=2 stride=1),63.93,2.50E+12,3.83E+12,5.23E+12,11.81%,3.07%,1.68%,1.53,1.36,TRUE,8.74%,1.39%,0.504,0.462,0.456
Conv2D(B=4 C=32 K=32 H=1 W=16099 P=1 Q=16098 R=1 S=2 stride=1),63.93,2.44E+12,3.64E+12,4.92E+12,11.53%,2.91%,1.58%,1.49,1.35,TRUE,8.62%,1.33%,0.502,0.460,0.454
Conv2D(B=2 C=32 K=32 H=1 W=31687 P=1 Q=31686 R=1 S=2 stride=1),63.93,2.46E+12,3.44E+12,4.89E+12,11.59%,2.75%,1.57%,1.40,1.42,TRUE,8.84%,1.18%,0.500,0.457,0.452
Conv2D(B=4 C=32 K=32 H=1 W=16355 P=1 Q=16354 R=1 S=2 stride=1),63.93,2.46E+12,3.70E+12,5.06E+12,11.59%,2.96%,1.62%,1.50,1.37,TRUE,8.64%,1.33%,0.498,0.455,0.450
Conv2D(B=1 C=32 K=32 H=1 W=63374 P=1 Q=63373 R=1 S=2 stride=1),63.93,2.62E+12,3.48E+12,4.93E+12,12.37%,2.79%,1.58%,1.33,1.41,TRUE,9.58%,1.21%,0.496,0.453,0.448
Conv2D(B=2 C=32 K=32 H=1 W=32198 P=1 Q=32197 R=1 S=2 stride=1),63.93,2.43E+12,3.53E+12,5.00E+12,11.47%,2.83%,1.60%,1.45,1.41,TRUE,8.64%,1.22%,0.494,0.451,0.446
Conv2D(B=4 C=32 K=32 H=1 W=16610 P=1 Q=16609 R=1 S=2 stride=1),63.93,2.47E+12,3.75E+12,5.16E+12,11.67%,3.00%,1.65%,1.51,1.38,TRUE,8.68%,1.34%,0.492,0.448,0.443
Conv2D(B=1 C=32 K=32 H=1 W=64397 P=1 Q=64396 R=1 S=2 stride=1),63.94,2.61E+12,3.53E+12,5.01E+12,12.30%,2.82%,1.61%,1.35,1.42,TRUE,9.48%,1.22%,0.490,0.446,0.441
Conv2D(B=2 C=32 K=32 H=1 W=32710 P=1 Q=32709 R=1 S=2 stride=1),63.94,2.45E+12,3.52E+12,5.06E+12,11.53%,2.82%,1.62%,1.44,1.44,TRUE,8.72%,1.20%,0.488,0.443,0.439
Conv2D(B=4 C=32 K=32 H=1 W=16866 P=1 Q=16865 R=1 S=2 stride=1),63.94,2.49E+12,3.79E+12,5.24E+12,11.76%,3.04%,1.68%,1.52,1.38,TRUE,8.72%,1.36%,0.485,0.441,0.436
Conv2D(B=1 C=32 K=32 H=1 W=65420 P=1 Q=65419 R=1 S=2 stride=1),63.94,2.63E+12,3.51E+12,5.09E+12,12.40%,2.81%,1.63%,1.33,1.45,TRUE,9.60%,1.18%,0.483,0.438,0.434
Conv2D(B=2 C=32 K=32 H=1 W=33221 P=1 Q=33220 R=1 S=2 stride=1),63.94,2.46E+12,3.56E+12,5.13E+12,11.63%,2.85%,1.64%,1.44,1.44,TRUE,8.78%,1.21%,0.481,0.436,0.431
Conv2D(B=2 C=32 K=32 H=1 W=33733 P=1 Q=33732 R=1 S=2 stride=1),63.94,2.49E+12,3.62E+12,5.21E+12,11.72%,2.89%,1.67%,1.46,1.44,TRUE,8.83%,1.22%,0.478,0.433,0.429
Conv2D(B=1 C=32 K=32 H=1 W=66443 P=1 Q=66442 R=1 S=2 stride=1),63.94,2.65E+12,3.63E+12,5.16E+12,12.51%,2.91%,1.65%,1.37,1.42,TRUE,9.61%,1.25%,0.476,0.430,0.426
Conv2D(B=1 C=32 K=32 H=1 W=67466 P=1 Q=67465 R=1 S=2 stride=1),63.94,2.67E+12,3.67E+12,5.26E+12,12.61%,2.94%,1.68%,1.37,1.43,TRUE,9.67%,1.25%,0.473,0.427,0.423
Conv2D(B=1 C=256 K=32 H=1 W=67467 P=1 Q=67466 R=1 S=2 stride=1),63.94,5.53E+12,9.43E+12,1.53E+13,26.07%,7.55%,4.92%,1.71,1.63,TRUE,18.52%,2.63%,0.471,0.425,0.421
Matmul(M=80 N=319 K=513 layout='NN'),63.96,1.44E+12,8.99E+11,1.34E+12,6.80%,0.72%,0.43%,0.62,1.49,TRUE,6.08%,0.29%,0.472,0.422,0.418
Conv2D(B=2 C=64 K=64 H=184 W=320 P=184 Q=320 R=1 S=1 stride=1),63.97,2.92E+12,8.76E+12,1.62E+13,13.78%,7.01%,5.20%,3.00,1.85,TRUE,6.78%,1.81%,0.469,0.419,0.415
Conv2D(B=2 C=256 K=64 H=184 W=320 P=184 Q=320 R=1 S=1 stride=1),63.97,5.38E+12,2.00E+13,3.36E+13,25.36%,15.99%,10.78%,3.72,1.68,TRUE,9.37%,5.21%,0.467,0.416,0.413
Matmul(M=262144 N=64 K=512 layout='NT'),63.98,4.10E+12,3.26E+13,7.04E+13,19.36%,26.09%,22.55%,7.95,2.16,FALSE,-6.73%,3.54%,0.467,0.415,0.411
Matmul(M=80 N=376 K=513 layout='NN'),65.96,1.71E+12,1.14E+12,1.57E+12,8.07%,0.91%,0.50%,0.66,1.38,TRUE,7.16%,0.41%,0.466,0.417,0.415
Matmul(M=80 N=515 K=513 layout='NN'),69.24,2.31E+12,1.64E+12,2.14E+12,10.90%,1.31%,0.68%,0.71,1.30,TRUE,9.59%,0.62%,0.463,0.414,0.411
Matmul(M=80 N=749 K=513 layout='NN'),72.28,2.51E+12,2.39E+12,3.76E+12,11.84%,1.91%,1.20%,0.95,1.57,TRUE,9.93%,0.71%,0.460,0.410,0.408
Matmul(M=1024 N=128 K=128 layout='NT'),113.78,1.68E+12,1.55E+12,1.95E+12,7.90%,1.24%,0.62%,0.93,1.25,TRUE,6.66%,0.62%,0.457,0.407,0.405
Matmul(M=1024 N=128 K=256 layout='NT'),113.78,2.57E+12,3.05E+12,3.87E+12,12.13%,2.44%,1.24%,1.19,1.27,TRUE,9.69%,1.20%,0.454,0.404,0.402
Matmul(M=1024 N=128 K=280 layout='NT'),113.78,3.89E+12,3.39E+12,4.22E+12,18.37%,2.71%,1.35%,0.87,1.24,TRUE,15.66%,1.36%,0.451,0.401,0.399
Conv2D(B=1 C=3 K=128 H=256 W=256 P=64 Q=64 R=4 S=4 stride=4),124.12,1.30E+12,7.68E+11,1.40E+12,6.14%,0.61%,0.45%,0.59,1.82,TRUE,5.52%,0.17%,0.449,0.398,0.396
Matmul(M=4096 N=128 K=128 layout='NT'),124.12,2.51E+12,6.30E+12,7.68E+12,11.84%,5.04%,2.46%,2.51,1.22,TRUE,6.80%,2.58%,0.447,0.395,0.393
Matmul(M=4096 N=128 K=512 layout='NT'),124.12,5.91E+12,2.70E+13,3.14E+13,27.89%,21.63%,10.07%,4.57,1.16,TRUE,6.26%,11.56%,0.444,0.392,0.390
Matmul(M=6784 N=128 K=32 layout='NT'),125.63,3.25E+12,2.34E+12,3.24E+12,15.32%,1.87%,1.04%,0.72,1.39,TRUE,13.46%,0.83%,0.445,0.391,0.388
Matmul(M=6784 N=128 K=512 layout='NT'),125.63,6.29E+12,3.10E+13,5.28E+13,29.68%,24.80%,16.92%,4.93,1.70,TRUE,4.88%,7.88%,0.442,0.388,0.384
Conv2D(B=1 C=256 K=512 H=184 W=320 P=92 Q=160 R=1 S=1 stride=2),126.90,5.78E+12,1.40E+13,2.56E+13,27.26%,11.21%,8.22%,2.42,1.83,TRUE,16.06%,2.99%,0.444,0.388,0.384
Conv2D(B=1 C=512 K=128 H=92 W=160 P=92 Q=160 R=1 S=1 stride=1),126.90,6.24E+12,2.65E+13,4.58E+13,29.42%,21.18%,14.67%,4.24,1.73,TRUE,8.24%,6.51%,0.444,0.386,0.382
Conv2D(B=2 C=256 K=512 H=184 W=320 P=92 Q=160 R=1 S=1 stride=2),127.45,5.84E+12,1.37E+13,2.36E+13,27.53%,10.98%,7.58%,2.35,1.72,TRUE,16.55%,3.40%,0.446,0.385,0.381
Conv2D(B=2 C=512 K=128 H=92 W=160 P=92 Q=160 R=1 S=1 stride=1),127.45,5.91E+12,3.48E+13,3.01E+13,27.88%,27.84%,9.66%,5.89,0.87,TRUE,0.04%,18.18%,0.446,0.382,0.378
Matmul(M=32768 N=128 K=128 layout='NT'),127.50,5.91E+12,3.02E+13,5.13E+13,27.89%,24.20%,16.46%,5.11,1.70,TRUE,3.70%,7.74%,0.447,0.384,0.376
Matmul(M=32768 N=128 K=384 layout='NT'),127.50,6.53E+12,4.11E+13,1.05E+14,30.79%,32.87%,33.80%,6.29,2.57,FALSE,-2.07%,-0.93%,0.448,0.384,0.375
Conv2D(B=1 C=256 K=128 H=184 W=320 P=184 Q=320 R=1 S=1 stride=1),127.72,5.78E+12,2.79E+13,4.94E+13,27.25%,22.30%,15.83%,4.82,1.77,TRUE,4.95%,6.47%,0.451,0.389,0.386
Conv2D(B=2 C=256 K=128 H=184 W=320 P=184 Q=320 R=1 S=1 stride=1),127.86,5.89E+12,2.70E+13,4.44E+13,27.76%,21.62%,14.23%,4.59,1.64,TRUE,6.15%,7.38%,0.451,0.388,0.385
Conv2D(B=32 C=3 K=128 H=256 W=256 P=64 Q=64 R=4 S=4 stride=4),127.88,2.54E+12,5.20E+12,6.62E+12,11.97%,4.16%,2.12%,2.05,1.27,TRUE,7.81%,2.04%,0.452,0.388,0.384
Matmul(M=131072 N=128 K=128 layout='NT'),127.88,6.22E+12,3.63E+13,6.10E+13,29.32%,29.06%,19.56%,5.84,1.68,TRUE,0.26%,9.50%,0.449,0.384,0.380
Matmul(M=131072 N=128 K=512 layout='NT'),127.88,8.02E+12,4.70E+13,1.04E+14,37.83%,37.63%,33.45%,5.87,2.22,TRUE,0.20%,4.18%,0.451,0.386,0.381
Matmul(M=196608 N=128 K=2048 layout='NT'),127.92,8.42E+12,6.76E+13,1.25E+14,39.73%,54.09%,40.06%,8.03,1.85,FALSE,-14.37%,14.03%,0.458,0.394,0.392
Conv2D(B=1 C=256 K=256 H=12 W=12 P=12 Q=12 R=3 S=3 stride=1),135.53,8.21E+11,2.18E+12,3.21E+12,3.87%,1.75%,1.03%,2.66,1.47,TRUE,2.13%,0.72%,0.467,0.417,0.409
Matmul(M=225 N=512 K=2 layout='NT'),156.31,3.27E+10,2.75E+10,4.43E+10,0.15%,0.02%,0.01%,0.84,1.61,TRUE,0.13%,0.01%,0.464,0.412,0.405
Matmul(M=256 N=512 K=512 layout='NT'),170.67,4.44E+12,5.40E+12,7.87E+12,20.93%,4.32%,2.52%,1.22,1.46,TRUE,16.61%,1.80%,0.461,0.408,0.401
Matmul(M=256 N=512 K=1024 layout='NT'),170.67,4.77E+12,8.21E+12,2.16E+13,22.50%,6.57%,6.93%,1.72,2.63,FALSE,15.93%,-0.36%,0.459,0.405,0.397
Matmul(M=256 N=512 K=2048 layout='NT'),170.67,5.16E+12,2.04E+13,3.56E+13,24.35%,16.32%,11.42%,3.95,1.75,TRUE,8.03%,4.90%,0.457,0.400,0.393
Matmul(M=750 N=256 K=80 layout='NT'),190.85,2.02E+12,1.43E+12,1.75E+12,9.54%,1.15%,0.56%,0.71,1.22,TRUE,8.39%,0.59%,0.457,0.398,0.391
Matmul(M=750 N=256 K=256 layout='NT'),190.85,2.74E+12,4.56E+12,5.79E+12,12.94%,3.65%,1.85%,1.66,1.27,TRUE,9.30%,1.79%,0.453,0.394,0.387
Conv2D(B=1 C=2048 K=256 H=23 W=40 P=23 Q=40 R=1 S=1 stride=1),200.27,3.66E+12,1.14E+13,1.95E+13,17.29%,9.09%,6.26%,3.10,1.72,TRUE,8.20%,2.83%,0.449,0.390,0.383
Matmul(M=1024 N=256 K=60 layout='NT'),204.80,2.11E+12,1.51E+12,1.88E+12,9.97%,1.21%,0.60%,0.71,1.25,TRUE,8.76%,0.60%,0.446,0.386,0.379
Matmul(M=1024 N=256 K=256 layout='NT'),204.80,2.69E+12,6.15E+12,8.74E+12,12.70%,4.92%,2.80%,2.29,1.42,TRUE,7.78%,2.12%,0.442,0.382,0.375
Matmul(M=1024 N=256 K=316 layout='NT'),204.80,5.12E+12,7.67E+12,9.88E+12,24.16%,6.14%,3.17%,1.50,1.29,TRUE,18.02%,2.97%,0.438,0.377,0.370
Matmul(M=1024 N=256 K=512 layout='NT'),204.80,5.60E+12,1.31E+13,1.75E+13,26.42%,10.45%,5.61%,2.33,1.34,TRUE,15.97%,4.84%,0.437,0.373,0.366
Matmul(M=1024 N=256 K=1024 layout='NT'),204.80,5.98E+12,1.99E+13,2.53E+13,28.20%,15.91%,8.11%,3.33,1.27,TRUE,12.29%,7.80%,0.436,0.368,0.362
Conv2D(B=1 C=256 K=256 H=12 W=20 P=12 Q=20 R=3 S=3 stride=1),217.36,9.73E+11,3.63E+12,5.38E+12,4.59%,2.90%,1.73%,3.73,1.48,TRUE,1.69%,1.18%,0.437,0.365,0.358
Conv2D(B=5 C=256 K=256 H=7 W=7 P=7 Q=7 R=3 S=3 stride=1),221.45,2.32E+12,3.69E+12,5.47E+12,10.96%,2.95%,1.75%,1.59,1.48,TRUE,8.01%,1.20%,0.433,0.360,0.353
Conv2D(B=2 C=2048 K=256 H=23 W=40 P=23 Q=40 R=1 S=1 stride=1),224.73,3.67E+12,2.57E+13,4.85E+13,17.32%,20.58%,15.55%,7.00,1.89,FALSE,-3.26%,5.03%,0.429,0.355,0.348
Matmul(M=256 N=2048 K=512 layout='NT'),227.56,5.96E+12,2.31E+13,3.21E+13,28.11%,18.49%,10.29%,3.88,1.39,TRUE,9.62%,8.21%,0.425,0.353,0.346
Conv2D(B=1 C=1024 K=256 H=46 W=80 P=46 Q=80 R=1 S=1 stride=1),239.35,6.35E+12,2.27E+13,3.88E+13,29.97%,18.18%,12.43%,3.58,1.71,TRUE,11.79%,5.75%,0.424,0.349,0.342
Conv2D(B=1 C=512 K=1024 H=92 W=160 P=46 Q=80 R=1 S=1 stride=2),239.35,6.05E+12,2.47E+13,4.22E+13,28.53%,19.73%,13.53%,4.08,1.71,TRUE,8.80%,6.20%,0.425,0.346,0.338
Conv2D(B=2 C=1024 K=256 H=46 W=80 P=46 Q=80 R=1 S=1 stride=1),247.39,5.35E+12,4.55E+13,4.39E+13,25.21%,36.43%,14.07%,8.52,0.96,FALSE,-11.21%,22.35%,0.425,0.343,0.335
Conv2D(B=2 C=512 K=1024 H=92 W=160 P=46 Q=80 R=1 S=1 stride=2),247.39,6.55E+12,2.70E+13,4.41E+13,30.87%,21.64%,14.15%,4.13,1.63,TRUE,9.24%,7.49%,0.423,0.348,0.332
Conv2D(B=1 C=512 K=256 H=92 W=160 P=92 Q=160 R=1 S=1 stride=1),251.62,5.99E+12,3.77E+13,6.60E+13,28.27%,30.15%,21.16%,6.29,1.75,FALSE,-1.88%,8.99%,0.425,0.345,0.329
Conv2D(B=2 C=512 K=256 H=92 W=160 P=92 Q=160 R=1 S=1 stride=1),253.79,6.55E+12,3.83E+13,4.23E+13,30.92%,30.68%,13.55%,5.85,1.10,TRUE,0.24%,17.13%,0.424,0.346,0.329
Matmul(M=32768 N=256 K=256 layout='NT'),254.02,6.82E+12,5.16E+13,1.09E+14,32.17%,41.32%,34.99%,7.57,2.11,FALSE,-9.15%,6.33%,0.426,0.348,0.326
Matmul(M=32768 N=256 K=512 layout='NT'),254.02,7.76E+12,5.63E+13,1.24E+14,36.59%,45.03%,39.72%,7.26,2.20,FALSE,-8.44%,5.31%,0.428,0.357,0.336
Matmul(M=32768 N=256 K=1024 layout='NT'),254.02,7.88E+12,6.26E+13,1.33E+14,37.18%,50.05%,42.73%,7.94,2.13,FALSE,-12.87%,7.32%,0.433,0.370,0.352
Conv2D(B=1024 C=256 K=256 H=6 W=6 P=6 Q=6 R=1 S=1 stride=1),254.23,5.39E+12,1.79E+13,2.55E+13,25.41%,14.33%,8.18%,3.32,1.43,TRUE,11.08%,6.15%,0.439,0.390,0.372
Matmul(M=48000 N=256 K=80 layout='NT'),254.64,5.59E+12,2.71E+13,5.06E+13,26.35%,21.70%,16.22%,4.86,1.86,TRUE,4.64%,5.49%,0.438,0.385,0.367
Matmul(M=48000 N=256 K=256 layout='NT'),254.64,6.88E+12,5.34E+13,1.07E+14,32.46%,42.71%,34.14%,7.76,2.00,FALSE,-10.25%,8.57%,0.437,0.382,0.365
Conv2D(B=1 C=64 K=256 H=184 W=320 P=184 Q=320 R=1 S=1 stride=1),254.89,3.40E+12,1.06E+13,1.70E+13,16.02%,8.49%,5.46%,3.13,1.61,TRUE,7.53%,3.03%,0.439,0.395,0.377
Conv2D(B=1 C=256 K=256 H=184 W=320 P=184 Q=320 R=1 S=1 stride=1),254.89,6.12E+12,3.15E+13,5.28E+13,28.86%,25.21%,16.91%,5.15,1.67,TRUE,3.65%,8.31%,0.434,0.388,0.371
Conv2D(B=1 C=512 K=256 H=1 W=62351 P=1 Q=62351 R=1 S=1 stride=1),254.95,6.64E+12,3.01E+13,4.57E+13,31.30%,24.06%,14.66%,4.53,1.52,TRUE,7.24%,9.40%,0.434,0.387,0.368
Conv2D(B=2 C=64 K=256 H=184 W=320 P=184 Q=320 R=1 S=1 stride=1),255.44,3.16E+12,9.26E+12,9.99E+12,14.88%,7.41%,3.20%,2.93,1.08,TRUE,7.48%,4.20%,0.436,0.386,0.365
Conv2D(B=2 C=256 K=256 H=184 W=320 P=184 Q=320 R=1 S=1 stride=1),255.44,5.97E+12,2.73E+13,2.96E+13,28.15%,21.84%,9.48%,4.57,1.08,TRUE,6.31%,12.35%,0.431,0.379,0.358
Conv2D(B=1 C=131 K=128 H=96 W=96 P=48 Q=48 R=3 S=3 stride=2),256.00,4.14E+12,8.38E+12,1.14E+13,19.55%,6.70%,3.65%,2.02,1.36,TRUE,12.85%,3.05%,0.430,0.375,0.352
Conv2D(B=1 C=128 K=128 H=184 W=320 P=92 Q=160 R=3 S=3 stride=2),282.47,5.49E+12,2.81E+13,4.60E+13,25.92%,22.47%,14.75%,5.11,1.64,TRUE,3.45%,7.72%,0.426,0.368,0.344
Conv2D(B=2 C=128 K=128 H=184 W=320 P=92 Q=160 R=3 S=3 stride=2),285.21,6.54E+12,2.92E+13,5.24E+13,30.83%,23.36%,16.80%,4.47,1.80,TRUE,7.48%,6.55%,0.424,0.364,0.340
Conv2D(B=1024 C=131 K=128 H=96 W=96 P=48 Q=48 R=3 S=3 stride=2),287.96,8.19E+12,2.46E+13,4.92E+13,38.64%,19.66%,15.78%,3.00,2.00,TRUE,18.98%,3.88%,0.425,0.362,0.337
Conv2D(B=1 C=128 K=256 H=48 W=48 P=24 Q=24 R=3 S=3 stride=2),288.00,2.95E+12,4.55E+12,6.44E+12,13.93%,3.64%,2.06%,1.54,1.42,TRUE,10.29%,1.58%,0.433,0.357,0.333
Conv2D(B=1 C=2048 K=512 H=23 W=40 P=23 Q=40 R=1 S=1 stride=1),328.94,5.42E+12,2.44E+13,4.02E+13,25.58%,19.50%,12.88%,4.49,1.65,TRUE,6.08%,6.62%,0.426,0.348,0.325
Conv2D(B=1 C=1024 K=2048 H=46 W=80 P=23 Q=40 R=1 S=1 stride=2),328.94,5.39E+12,3.47E+13,5.72E+13,25.44%,27.78%,18.32%,6.44,1.65,FALSE,-2.34%,9.46%,0.424,0.343,0.319
Matmul(M=961 N=512 K=2 layout='NT'),334.03,1.39E+11,1.18E+11,1.88E+11,0.66%,0.09%,0.06%,0.85,1.60,TRUE,0.56%,0.03%,0.422,0.342,0.316
Matmul(M=512 N=1024 K=1024 layout='NT'),341.33,6.43E+12,3.89E+13,6.98E+13,30.34%,31.09%,22.37%,6.04,1.80,FALSE,-0.74%,8.71%,0.415,0.333,0.307
Matmul(M=512 N=1024 K=4096 layout='NT'),341.33,6.44E+12,5.58E+13,1.22E+14,30.38%,44.66%,39.09%,8.67,2.18,FALSE,-14.28%,5.57%,0.415,0.334,0.306
Matmul(M=512 N=1024 K=12544 layout='NT'),341.33,4.69E+12,6.88E+13,1.41E+14,22.10%,55.07%,45.14%,14.69,2.05,FALSE,-32.97%,9.93%,0.415,0.348,0.323
Conv2D(B=2 C=256 K=256 H=12 W=20 P=12 Q=20 R=3 S=3 stride=1),397.24,4.52E+12,7.25E+12,1.08E+13,21.34%,5.80%,3.45%,1.60,1.48,TRUE,15.53%,2.35%,0.410,0.377,0.349
Conv2D(B=2 C=1024 K=2048 H=46 W=80 P=23 Q=40 R=1 S=1 stride=2),400.54,6.38E+12,3.51E+13,6.07E+13,30.10%,28.06%,19.46%,5.50,1.73,TRUE,2.03%,8.60%,0.405,0.369,0.341
Conv2D(B=2 C=2048 K=512 H=23 W=40 P=23 Q=40 R=1 S=1 stride=1),400.54,4.70E+12,3.52E+13,9.24E+13,22.15%,28.19%,29.61%,7.50,2.62,FALSE,-6.04%,-1.42%,0.404,0.368,0.338
Conv2D(B=10 C=256 K=256 H=7 W=7 P=7 Q=7 R=3 S=3 stride=1),404.07,4.48E+12,7.44E+12,1.11E+13,21.15%,5.95%,3.55%,1.66,1.49,TRUE,15.20%,2.40%,0.399,0.366,0.344
Conv2D(B=1 C=1024 K=512 H=46 W=80 P=46 Q=80 R=1 S=1 stride=1),449.47,6.14E+12,3.74E+13,7.73E+13,28.98%,29.90%,24.76%,6.08,2.07,FALSE,-0.93%,5.14%,0.393,0.357,0.335
Matmul(M=4096 N=512 K=128 layout='NT'),455.11,5.54E+12,1.88E+13,4.21E+13,26.13%,15.04%,13.50%,3.39,2.24,TRUE,11.10%,1.54%,0.391,0.356,0.335
Matmul(M=512 N=4096 K=1024 layout='NT'),455.11,7.09E+12,5.97E+13,1.35E+14,33.43%,47.78%,43.14%,8.43,2.25,FALSE,-14.36%,4.64%,0.387,0.348,0.329
Conv2D(B=1 C=256 K=256 H=24 W=24 P=24 Q=24 R=3 S=3 stride=1),460.80,1.18E+12,8.75E+12,1.28E+13,5.56%,7.00%,4.09%,7.42,1.46,FALSE,-1.44%,2.91%,0.388,0.366,0.351
Conv2D(B=2 C=1024 K=512 H=46 W=80 P=46 Q=80 R=1 S=1 stride=1),478.70,6.41E+12,4.60E+13,5.94E+13,30.24%,36.77%,19.05%,7.17,1.29,FALSE,-6.53%,17.72%,0.379,0.357,0.342
Matmul(M=8192 N=512 K=64 layout='NT'),481.88,4.95E+12,2.24E+13,2.92E+13,23.35%,17.90%,9.36%,4.52,1.31,TRUE,5.45%,8.53%,0.377,0.361,0.338
Matmul(M=8192 N=512 K=512 layout='NT'),481.88,6.88E+12,5.53E+13,1.25E+14,32.46%,44.21%,40.20%,8.03,2.27,FALSE,-11.75%,4.01%,0.371,0.353,0.329
Matmul(M=8192 N=512 K=1024 layout='NT'),481.88,7.26E+12,6.22E+13,1.43E+14,34.23%,49.74%,45.89%,8.57,2.30,FALSE,-15.51%,3.85%,0.371,0.366,0.348
Matmul(M=8192 N=512 K=2048 layout='NT'),481.88,7.44E+12,6.59E+13,1.45E+14,35.08%,52.73%,46.37%,8.86,2.19,FALSE,-17.65%,6.37%,0.372,0.389,0.379
Conv2D(B=1 C=128 K=512 H=92 W=160 P=92 Q=160 R=1 S=1 stride=1),494.79,4.58E+12,1.91E+13,3.18E+13,21.60%,15.29%,10.20%,4.17,1.66,TRUE,6.31%,5.10%,0.373,0.420,0.415
Conv2D(B=1 C=256 K=256 H=92 W=160 P=46 Q=80 R=3 S=3 stride=2),498.05,7.82E+12,3.36E+13,6.33E+13,36.89%,26.89%,20.28%,4.30,1.88,TRUE,10.00%,6.61%,0.366,0.410,0.406
Conv2D(B=2 C=128 K=512 H=92 W=160 P=92 Q=160 R=1 S=1 stride=1),503.25,4.49E+12,1.61E+13,1.81E+13,21.20%,12.85%,5.79%,3.58,1.12,TRUE,8.35%,7.06%,0.369,0.407,0.403
Conv2D(B=1 C=32 K=512 H=1 W=62351 P=1 Q=62351 R=1 S=1 stride=1),507.83,2.16E+12,4.91E+12,6.33E+12,10.18%,3.93%,2.03%,2.27,1.29,TRUE,6.25%,1.90%,0.361,0.396,0.392
Conv2D(B=1 C=512 K=512 H=1 W=62351 P=1 Q=62351 R=1 S=1 stride=1),507.83,7.12E+12,3.21E+13,4.65E+13,33.59%,25.68%,14.91%,4.51,1.45,TRUE,7.91%,10.77%,0.348,0.384,0.379
Matmul(M=131072 N=512 K=128 layout='NT'),510.01,6.35E+12,4.35E+13,7.62E+13,29.95%,34.77%,24.41%,6.85,1.75,FALSE,-4.83%,10.36%,0.347,0.378,0.370
Matmul(M=262144 N=512 K=64 layout='NT'),511.00,5.34E+12,2.94E+13,4.93E+13,25.18%,23.48%,15.79%,5.50,1.68,TRUE,1.70%,7.69%,0.343,0.381,0.370
Conv2D(B=1 C=512 K=512 H=46 W=80 P=23 Q=40 R=3 S=3 stride=2),511.51,4.40E+12,2.84E+13,4.36E+13,20.75%,22.70%,13.97%,6.45,1.54,FALSE,-1.95%,8.72%,0.335,0.372,0.361
Matmul(M=1024 N=1024 K=256 layout='NT'),512.00,4.13E+12,2.26E+13,4.27E+13,19.50%,18.10%,13.69%,5.47,1.89,TRUE,1.40%,4.41%,0.324,0.362,0.349
Matmul(M=1024 N=1024 K=1024 layout='NT'),512.00,6.90E+12,4.94E+13,9.28E+13,32.53%,39.53%,29.75%,7.16,1.88,FALSE,-7.00%,9.78%,0.310,0.348,0.337
Matmul(M=1024 N=1024 K=12544 layout='NT'),512.00,4.93E+12,6.59E+13,1.48E+14,23.24%,52.70%,47.47%,13.37,2.25,FALSE,-29.46%,5.24%,0.307,0.357,0.343
Conv2D(B=2 C=256 K=256 H=92 W=160 P=46 Q=80 R=3 S=3 stride=2),534.19,7.83E+12,3.98E+13,6.67E+13,36.95%,31.82%,21.39%,5.08,1.68,TRUE,5.13%,10.43%,0.295,0.394,0.389
Conv2D(B=1 C=64 K=64 H=184 W=320 P=184 Q=320 R=3 S=3 stride=1),570.42,8.03E+12,3.03E+13,4.76E+13,37.88%,24.25%,15.26%,3.77,1.57,TRUE,13.63%,9.00%,0.295,0.394,0.384
Conv2D(B=2 C=64 K=64 H=184 W=320 P=184 Q=320 R=3 S=3 stride=1),573.20,7.49E+12,3.29E+13,5.14E+13,35.35%,26.33%,16.47%,4.39,1.56,TRUE,9.02%,9.86%,0.297,0.383,0.372
Conv2D(B=1024 C=128 K=256 H=48 W=48 P=24 Q=24 R=3 S=3 stride=2),575.44,8.56E+12,4.45E+13,8.31E+13,40.36%,35.61%,26.65%,5.20,1.87,TRUE,4.75%,8.96%,0.296,0.375,0.360
Conv2D(B=1 C=512 K=2048 H=23 W=40 P=23 Q=40 R=1 S=1 stride=1),634.82,5.82E+12,2.48E+13,4.04E+13,27.46%,19.88%,12.94%,4.27,1.63,TRUE,7.58%,6.94%,0.301,0.379,0.362
Conv2D(B=1 C=256 K=256 H=23 W=40 P=23 Q=40 R=3 S=3 stride=1),657.47,5.83E+12,1.46E+13,2.07E+13,27.52%,11.69%,6.62%,2.51,1.41,TRUE,15.82%,5.07%,0.291,0.363,0.346
Matmul(M=2048 N=1024 K=1024 layout='NT'),682.67,7.15E+12,6.29E+13,1.41E+14,33.72%,50.35%,45.13%,8.80,2.24,FALSE,-16.63%,5.22%,0.280,0.342,0.325
Matmul(M=2048 N=1024 K=2048 layout='NT'),682.67,7.26E+12,6.78E+13,1.35E+14,34.27%,54.25%,43.17%,9.33,1.99,FALSE,-19.98%,11.08%,0.276,0.372,0.363
Matmul(M=2048 N=1024 K=4096 layout='NT'),682.67,7.36E+12,6.86E+13,1.45E+14,34.71%,54.91%,46.39%,9.33,2.11,FALSE,-20.19%,8.52%,0.271,0.418,0.402
Conv2D(B=20 C=256 K=256 H=7 W=7 P=7 Q=7 R=3 S=3 stride=1),687.55,4.58E+12,1.47E+13,2.18E+13,21.63%,11.79%,7.00%,3.21,1.48,TRUE,9.84%,4.79%,0.267,0.474,0.460
Conv2D(B=2 C=512 K=512 H=46 W=80 P=23 Q=40 R=3 S=3 stride=2),708.45,7.32E+12,3.85E+13,7.06E+13,34.52%,30.77%,22.63%,5.26,1.84,TRUE,3.75%,8.14%,0.247,0.450,0.436
Conv2D(B=1 C=512 K=512 H=23 W=40 P=23 Q=40 R=3 S=3 stride=1),766.89,8.29E+12,3.39E+13,5.84E+13,39.10%,27.08%,18.70%,4.08,1.72,TRUE,12.02%,8.38%,0.241,0.446,0.430
Conv2D(B=1 C=128 K=128 H=48 W=48 P=48 Q=48 R=3 S=3 stride=1),768.00,6.04E+12,8.98E+12,1.28E+13,28.51%,7.18%,4.09%,1.49,1.42,TRUE,21.33%,3.09%,0.240,0.434,0.416
Conv2D(B=1 C=3 K=64 H=736 W=1280 P=368 Q=640 R=7 S=7 stride=2),781.40,4.99E+12,9.32E+12,1.59E+13,23.55%,7.46%,5.09%,1.87,1.70,TRUE,16.09%,2.37%,0.226,0.404,0.385
Conv2D(B=2 C=3 K=64 H=736 W=1280 P=368 Q=640 R=7 S=7 stride=2),782.70,4.75E+12,9.58E+12,1.67E+13,22.39%,7.66%,5.35%,2.02,1.74,TRUE,14.73%,2.31%,0.204,0.369,0.351
Conv2D(B=1 C=256 K=1024 H=46 W=80 P=46 Q=80 R=1 S=1 stride=1),801.09,5.14E+12,2.53E+13,4.05E+13,24.24%,20.22%,12.97%,4.92,1.60,TRUE,4.02%,7.25%,0.178,0.327,0.309
Conv2D(B=2 C=256 K=1024 H=46 W=80 P=46 Q=80 R=1 S=1 stride=1),898.93,5.59E+12,2.85E+13,5.19E+13,26.35%,22.81%,16.65%,5.10,1.82,TRUE,3.54%,6.16%,0.152,0.287,0.270
Matmul(M=16384 N=1024 K=1024 layout='NT'),963.76,8.25E+12,7.42E+13,1.55E+14,38.91%,59.39%,49.59%,9.00,2.08,FALSE,-20.48%,9.80%,0.129,0.249,0.234
Matmul(M=16384 N=1024 K=4096 layout='NT'),963.76,8.34E+12,7.93E+13,1.62E+14,39.35%,63.45%,51.96%,9.51,2.04,FALSE,-24.10%,11.49%,0.120,0.307,0.288
Conv2D(B=2 C=512 K=2048 H=23 W=40 P=23 Q=40 R=1 S=1 stride=1),969.22,5.90E+12,3.23E+13,5.58E+13,27.81%,25.85%,17.90%,5.48,1.73,TRUE,1.96%,7.95%,0.111,0.410,0.372
Matmul(M=32768 N=1024 K=256 layout='NT'),992.97,6.97E+12,6.02E+13,1.17E+14,32.85%,48.18%,37.60%,8.65,1.95,FALSE,-15.32%,10.58%,0.086,0.371,0.333
Conv2D(B=2 C=256 K=256 H=23 W=40 P=23 Q=40 R=3 S=3 stride=1),1023.01,7.99E+12,2.93E+13,4.15E+13,37.70%,23.43%,13.29%,3.66,1.42,TRUE,14.27%,10.14%,0.066,0.404,0.355
Conv2D(B=40 C=256 K=256 H=7 W=7 P=7 Q=7 R=3 S=3 stride=1),1059.06,9.10E+12,2.86E+13,4.29E+13,42.95%,22.91%,13.74%,3.14,1.50,TRUE,20.04%,9.16%,0.051,0.352,0.298
Conv2D(B=1 C=128 K=128 H=92 W=160 P=92 Q=160 R=3 S=3 stride=1),1068.39,1.06E+13,3.97E+13,6.57E+13,49.96%,31.78%,21.07%,3.75,1.65,TRUE,18.18%,10.71%,0.041,0.287,0.230
Conv2D(B=2 C=128 K=128 H=92 W=160 P=92 Q=160 R=3 S=3 stride=1),1108.62,1.07E+13,4.10E+13,7.68E+13,50.56%,32.81%,24.63%,3.83,1.87,TRUE,17.74%,8.18%,0.040,0.231,0.167
Conv2D(B=1024 C=128 K=128 H=48 W=48 P=48 Q=48 R=3 S=3 stride=1),1151.44,1.32E+13,5.42E+13,9.59E+13,62.17%,43.35%,30.74%,4.11,1.77,TRUE,18.82%,12.61%,0.039,0.169,0.107
Conv2D(B=2 C=512 K=512 H=23 W=40 P=23 Q=40 R=3 S=3 stride=1),1314.94,9.07E+12,4.68E+13,8.40E+13,42.78%,37.40%,26.91%,5.15,1.80,TRUE,5.38%,10.49%,0.058,0.146,0.066
Matmul(M=2048 N=4096 K=1024 layout='NT'),1365.33,7.85E+12,6.76E+13,1.64E+14,37.05%,54.09%,52.60%,8.61,2.43,FALSE,-17.05%,1.50%,0.046,0.096,0.022
Conv2D(B=1 C=256 K=256 H=46 W=80 P=46 Q=80 R=3 S=3 stride=1),1416.90,1.09E+13,4.20E+13,7.12E+13,51.23%,33.64%,22.81%,3.87,1.69,TRUE,17.59%,10.83%,0.026,0.114,0.052
Matmul(M=8192 N=2048 K=512 layout='NT'),1638.40,8.12E+12,6.55E+13,1.48E+14,38.31%,52.36%,47.33%,8.06,2.26,FALSE,-14.05%,5.03%,0.023,0.044,0.002
Conv2D(B=2 C=256 K=256 H=46 W=80 P=46 Q=80 R=3 S=3 stride=1),1754.70,1.25E+13,4.79E+13,1.02E+14,58.76%,38.31%,32.63%,3.84,2.13,TRUE,20.45%,5.68%,0.010,0.041,0.003
Matmul(M=2048 N=12288 K=49152 layout='NT'),1755.43,8.01E+12,5.92E+13,1.90E+14,37.78%,47.38%,60.92%,7.39,3.21,FALSE,-9.60%,-13.55%,0.011,0.013,0.002
Matmul(M=2048 N=12288 K=12288 layout='NT'),1755.43,8.46E+12,7.55E+13,1.47E+14,39.90%,60.37%,47.16%,8.92,1.95,FALSE,-20.47%,13.21%,0.002,0.003,0.005
Matmul(M=2048 N=36864 K=12288 layout='NT'),1940.21,4.74E+12,7.87E+13,1.80E+14,22.35%,62.92%,57.72%,16.60,2.29,FALSE,-40.57%,5.20%,0.001,0.007,0.007
Matmul(M=2048 N=49152 K=12288 layout='NT'),1966.08,4.70E+12,8.36E+13,1.80E+14,22.16%,66.91%,57.72%,17.80,2.15,FALSE,-44.75%,9.19%,0.023,0.015,0.031
Conv2D(B=1 C=256 K=256 H=92 W=160 P=92 Q=160 R=3 S=3 stride=1),1992.18,1.29E+13,5.32E+13,1.06E+14,60.63%,42.55%,33.95%,4.14,1.99,TRUE,18.08%,8.61%,0.108,0.041,0.092
Matmul(M=196608 N=2048 K=128 layout='NT'),2026.89,6.38E+12,4.55E+13,8.09E+13,30.08%,36.42%,25.92%,7.14,1.78,FALSE,-6.34%,10.51%,0.145,0.016,0.056
Conv2D(B=2 C=256 K=256 H=92 W=160 P=92 Q=160 R=3 S=3 stride=1),2136.77,1.29E+13,5.66E+13,1.14E+14,60.76%,45.27%,36.40%,4.39,2.01,TRUE,15.49%,8.88%,0.428,0.001,0.005
Conv2D(B=1024 C=257 K=256 H=6 W=6 P=6 Q=6 R=3 S=3 stride=1),2168.47,2.35E+13,8.51E+13,1.68E+14,111.04%,68.07%,53.97%,3.61,1.98,TRUE,42.97%,14.10%,0.559,0.023,0.002
Conv2D(B=1024 C=256 K=256 H=6 W=6 P=6 Q=6 R=3 S=3 stride=1),2168.47,2.43E+13,1.04E+14,1.96E+14,114.61%,83.46%,62.93%,4.29,1.88,TRUE,31.16%,20.52%,0.565,0.011,0.000
Conv2D(B=1 C=256 K=256 H=184 W=320 P=184 Q=320 R=3 S=3 stride=1),2217.24,1.36E+13,5.91E+13,1.18E+14,64.16%,47.26%,37.88%,4.34,2.00,TRUE,16.89%,9.38%,0.750,0.059,0.133
Conv2D(B=2 C=256 K=256 H=184 W=320 P=184 Q=320 R=3 S=3 stride=1),2259.79,1.35E+13,5.95E+13,1.23E+14,63.81%,47.63%,39.32%,4.40,2.06,TRUE,16.19%,8.30%,0.840,0.009,0.057
Conv2D(B=1024 C=256 K=256 H=12 W=12 P=12 Q=12 R=3 S=3 stride=1),2268.55,1.69E+13,8.44E+13,1.69E+14,79.76%,67.56%,54.27%,4.99,2.01,TRUE,12.20%,13.28%,0.994,0.152,0.012
Conv2D(B=1024 C=256 K=256 H=24 W=24 P=24 Q=24 R=3 S=3 stride=1),2295.04,1.75E+13,7.17E+13,1.43E+14,82.70%,57.35%,45.91%,4.09,2.00,TRUE,25.35%,11.44%,1.000,1.000,1.000
Matmul(M=16384 N=4096 K=1024 layout='NT'),3276.80,7.36E+12,7.37E+13,1.54E+14,34.71%,58.95%,49.45%,10.01,2.09,FALSE,-24.24%,9.49%,,,
